{"cameraMode":{"drawMode":0,"name":"Shaded","section":"Shading Mode"},"sceneLighting":true,"audioPlay":false,"sceneViewState":{"showFog":true,"showMaterialUpdate":false,"showSkybox":true,"showFlares":true,"showImageEffects":true,"showParticleSystems":true},"in2DMode":false,"pivot":{"x":17.35451889038086,"y":-24.832561492919923,"z":71.85972595214844},"rotation":{"x":-0.22978024184703828,"y":-0.21658089756965638,"z":0.052487097680568698,"w":-0.9475587010383606},"size":87.8692626953125,"orthographic":false}