{"cameraMode":{"drawMode":0,"name":"Shaded","section":"Shading Mode"},"sceneLighting":true,"audioPlay":false,"sceneViewState":{"showFog":true,"showMaterialUpdate":false,"showSkybox":true,"showFlares":true,"showImageEffects":true,"showParticleSystems":true},"in2DMode":false,"pivot":{"x":11.85518741607666,"y":-2.4484214782714845,"z":32.05504608154297},"rotation":{"x":-0.03938455879688263,"y":0.9385190010070801,"z":-0.3233649730682373,"w":-0.11430788040161133},"size":156.01438903808595,"orthographic":false}