{"cameraMode":{"drawMode":0,"name":"Shaded","section":"Shading Mode"},"sceneLighting":false,"audioPlay":false,"sceneViewState":{"showFog":true,"showMaterialUpdate":false,"showSkybox":false,"showFlares":true,"showImageEffects":true,"showParticleSystems":true},"in2DMode":false,"pivot":{"x":0.0,"y":1.7000000476837159,"z":16.600000381469728},"rotation":{"x":-0.03938455879688263,"y":0.9385190010070801,"z":-0.3233649730682373,"w":-0.11430788040161133},"size":6.566917419433594,"orthographic":false}