{"cameraMode":{"drawMode":0,"name":"Shaded","section":"Shading Mode"},"sceneLighting":true,"audioPlay":false,"sceneViewState":{"showFog":true,"showMaterialUpdate":false,"showSkybox":true,"showFlares":true,"showImageEffects":true,"showParticleSystems":true},"in2DMode":false,"pivot":{"x":-2.701730728149414,"y":14.739784240722657,"z":-13.578540802001954},"rotation":{"x":0.4356915056705475,"y":-0.017549987882375718,"z":0.008497058413922787,"w":0.8998850584030151},"size":20.978689193725587,"orthographic":false}