{"cameraMode":{"drawMode":0,"name":"Shaded","section":"Shading Mode"},"sceneLighting":true,"audioPlay":false,"sceneViewState":{"showFog":true,"showMaterialUpdate":false,"showSkybox":true,"showFlares":true,"showImageEffects":true,"showParticleSystems":true},"in2DMode":false,"pivot":{"x":-7.914333820343018,"y":20.865591049194337,"z":-19.89295196533203},"rotation":{"x":-0.2190171331167221,"y":0.004973660223186016,"z":-0.0011164703173562885,"w":-0.9757083058357239},"size":73.55781555175781,"orthographic":false}