{"cameraMode":{"drawMode":0,"name":"Shaded","section":"Shading Mode"},"sceneLighting":true,"audioPlay":false,"sceneViewState":{"showFog":true,"showMaterialUpdate":false,"showSkybox":true,"showFlares":true,"showImageEffects":true,"showParticleSystems":true},"in2DMode":false,"pivot":{"x":0.5540499687194824,"y":21.34303092956543,"z":-4.217202186584473},"rotation":{"x":0.3545057773590088,"y":-0.183302640914917,"z":0.07126565277576447,"w":0.9143722653388977},"size":10.012845039367676,"orthographic":false}