{"cameraMode":{"drawMode":0,"name":"Shaded","section":"Shading Mode"},"sceneLighting":true,"audioPlay":false,"sceneViewState":{"showFog":true,"showMaterialUpdate":false,"showSkybox":true,"showFlares":true,"showImageEffects":true,"showParticleSystems":true},"in2DMode":false,"pivot":{"x":-1.616962194442749,"y":-1.5505945682525635,"z":26.53693199157715},"rotation":{"x":-0.1650039106607437,"y":0.0420091338455677,"z":-0.006933426018804312,"w":-0.9854416847229004},"size":22.0,"orthographic":false}