{"cameraMode":{"drawMode":0,"name":"Shaded","section":"Shading Mode"},"sceneLighting":true,"audioPlay":false,"sceneViewState":{"showFog":true,"showMaterialUpdate":false,"showSkybox":true,"showFlares":true,"showImageEffects":true,"showParticleSystems":true},"in2DMode":false,"pivot":{"x":5.8106584548950199,"y":16.058298110961915,"z":28.934490203857423},"rotation":{"x":-0.03938455879688263,"y":0.9385190010070801,"z":-0.3233649730682373,"w":-0.11430788040161133},"size":58.412940979003909,"orthographic":false}