{"cameraMode":{"drawMode":0,"name":"Shaded","section":"Shading Mode"},"sceneLighting":true,"audioPlay":false,"sceneViewState":{"showFog":true,"showMaterialUpdate":false,"showSkybox":true,"showFlares":true,"showImageEffects":true,"showParticleSystems":true},"in2DMode":false,"pivot":{"x":-4.037125587463379,"y":-7.079239368438721,"z":28.666946411132814},"rotation":{"x":0.30176860094070437,"y":-0.2972671687602997,"z":0.09979119896888733,"w":0.9005136489868164},"size":60.322509765625,"orthographic":false}