{"cameraMode":{"drawMode":0,"name":"Shaded","section":"Shading Mode"},"sceneLighting":true,"audioPlay":false,"sceneViewState":{"showFog":true,"showMaterialUpdate":false,"showSkybox":true,"showFlares":true,"showImageEffects":true,"showParticleSystems":true},"in2DMode":false,"pivot":{"x":0.27986404299736025,"y":-3.187126398086548,"z":15.405268669128418},"rotation":{"x":0.2805297374725342,"y":0.025071289390325547,"z":-0.007340213283896446,"w":0.959660530090332},"size":20.331687927246095,"orthographic":false}