{"cameraMode":{"drawMode":0,"name":"Shaded","section":"Shading Mode"},"sceneLighting":true,"audioPlay":false,"sceneViewState":{"showFog":true,"showMaterialUpdate":false,"showSkybox":true,"showFlares":true,"showImageEffects":true,"showParticleSystems":true},"in2DMode":false,"pivot":{"x":-0.8589911460876465,"y":50.19202423095703,"z":-20.343544006347658},"rotation":{"x":0.4316394329071045,"y":-0.02549958974123001,"z":0.01202591322362423,"w":0.9018290042877197},"size":1.733452320098877,"orthographic":false}