{"cameraMode":{"drawMode":0,"name":"Shaded","section":"Shading Mode"},"sceneLighting":true,"audioPlay":false,"sceneViewState":{"showFog":true,"showMaterialUpdate":false,"showSkybox":true,"showFlares":true,"showImageEffects":true,"showParticleSystems":true},"in2DMode":false,"pivot":{"x":1.964223861694336,"y":-6.978851318359375,"z":-11.660453796386719},"rotation":{"x":0.3703688383102417,"y":0.06540772318840027,"z":-0.02615349367260933,"w":0.9262126684188843},"size":102.76236724853516,"orthographic":false}