{"cameraMode":{"drawMode":0,"name":"Shaded","section":"Shading Mode"},"sceneLighting":true,"audioPlay":false,"sceneViewState":{"showFog":true,"showMaterialUpdate":false,"showSkybox":true,"showFlares":true,"showImageEffects":true,"showParticleSystems":true},"in2DMode":false,"pivot":{"x":-0.9327816963195801,"y":14.46445083618164,"z":-11.037947654724121},"rotation":{"x":0.4246438145637512,"y":-0.03393787145614624,"z":0.01593162678182125,"w":0.9045841693878174},"size":20.978689193725587,"orthographic":false}