{"cameraMode":{"drawMode":0,"name":"Shaded","section":"Shading Mode"},"sceneLighting":true,"audioPlay":false,"sceneViewState":{"showFog":true,"showMaterialUpdate":false,"showSkybox":true,"showFlares":true,"showImageEffects":true,"showParticleSystems":true},"in2DMode":false,"pivot":{"x":0.12724828720092774,"y":22.495698928833009,"z":-11.135969161987305},"rotation":{"x":0.12221036851406098,"y":0.7716111540794373,"z":-0.15601171553134919,"w":0.6044345498085022},"size":82.94303131103516,"orthographic":false}