{"cameraMode":{"drawMode":0,"name":"Shaded","section":"Shading Mode"},"sceneLighting":true,"audioPlay":false,"sceneViewState":{"showFog":true,"showMaterialUpdate":false,"showSkybox":true,"showFlares":true,"showImageEffects":true,"showParticleSystems":true},"in2DMode":false,"pivot":{"x":255.09825134277345,"y":647.0718383789063,"z":-58.056148529052737},"rotation":{"x":0.0007419144385494292,"y":-0.9689334034919739,"z":0.0029068090952932836,"w":0.24730411171913148},"size":556.2218017578125,"orthographic":false}