{"cameraMode":{"drawMode":0,"name":"Shaded","section":"Shading Mode"},"sceneLighting":true,"audioPlay":false,"sceneViewState":{"showFog":true,"showMaterialUpdate":false,"showSkybox":true,"showFlares":true,"showImageEffects":true,"showParticleSystems":true},"in2DMode":false,"pivot":{"x":-17.990758895874025,"y":-0.47771787643432619,"z":41.437618255615237},"rotation":{"x":-0.0717359408736229,"y":0.6353781819343567,"z":-0.05945930629968643,"w":-0.7665615677833557},"size":43.378971099853519,"orthographic":false}